<?xml version="1.0" encoding="UTF-8"?>
<document type="com.apple.InterfaceBuilder3.CocoaTouch.Storyboard.XIB" version="3.0" toolsVersion="21701" targetRuntime="iOS.CocoaTouch" propertyAccessControl="none" useAutolayout="YES" useTraitCollections="YES" useSafeAreas="YES" colorMatched="YES" initialViewController="UYe-4V-S9M">
    <device id="retina6_12" orientation="portrait" appearance="light"/>
    <dependencies>
        <plugIn identifier="com.apple.InterfaceBuilder.IBCocoaTouchPlugin" version="21679"/>
        <capability name="Safe area layout guides" minToolsVersion="9.0"/>
        <capability name="System colors in document resources" minToolsVersion="11.0"/>
        <capability name="documents saved in the Xcode 8 format" minToolsVersion="8.0"/>
    </dependencies>
    <scenes>
        <!--Surveys-->
        <scene sceneID="FWf-Vh-U1G">
            <objects>
                <viewController id="is0-kQ-2aa" sceneMemberID="viewController">
                    <view key="view" contentMode="scaleToFill" id="bfQ-MH-FIT">
                        <rect key="frame" x="0.0" y="0.0" width="393" height="852"/>
                        <autoresizingMask key="autoresizingMask" widthSizable="YES" heightSizable="YES"/>
                        <subviews>
                            <tableView clipsSubviews="YES" contentMode="scaleToFill" fixedFrame="YES" alwaysBounceVertical="YES" dataMode="static" style="plain" separatorStyle="default" rowHeight="-1" estimatedRowHeight="-1" sectionHeaderHeight="-1" estimatedSectionHeaderHeight="-1" sectionFooterHeight="-1" estimatedSectionFooterHeight="-1" translatesAutoresizingMaskIntoConstraints="NO" id="09q-KF-HpA">
                                <rect key="frame" x="25" y="189" width="343" height="629"/>
                                <autoresizingMask key="autoresizingMask" flexibleMaxX="YES" flexibleMaxY="YES"/>
                                <color key="backgroundColor" systemColor="systemBackgroundColor"/>
                                <sections>
                                    <tableViewSection id="HNu-Zn-an4">
                                        <cells>
                                            <tableViewCell clipsSubviews="YES" contentMode="scaleToFill" preservesSuperviewLayoutMargins="YES" selectionStyle="default" indentationWidth="10" textLabel="zEP-rT-hLJ" detailTextLabel="FBv-M1-vyr" style="IBUITableViewCellStyleSubtitle" id="exb-0g-hnT">
                                                <rect key="frame" x="0.0" y="50" width="343" height="77.666664123535156"/>
                                                <autoresizingMask key="autoresizingMask"/>
                                                <tableViewCellContentView key="contentView" opaque="NO" clipsSubviews="YES" multipleTouchEnabled="YES" contentMode="center" preservesSuperviewLayoutMargins="YES" insetsLayoutMarginsFromSafeArea="NO" tableViewCell="exb-0g-hnT" id="69d-Xe-gMl">
                                                    <rect key="frame" x="0.0" y="0.0" width="343" height="77.666664123535156"/>
                                                    <autoresizingMask key="autoresizingMask"/>
                                                    <subviews>
                                                        <label opaque="NO" multipleTouchEnabled="YES" contentMode="left" insetsLayoutMarginsFromSafeArea="NO" text="Name" textAlignment="natural" lineBreakMode="tailTruncation" baselineAdjustment="alignBaselines" adjustsFontSizeToFit="NO" id="zEP-rT-hLJ">
                                                            <rect key="frame" x="20" y="17" width="73" height="31"/>
                                                            <autoresizingMask key="autoresizingMask"/>
                                                            <fontDescription key="fontDescription" name="HelveticaNeue-Bold" family="Helvetica Neue" pointSize="26"/>
                                                            <color key="textColor" systemColor="systemOrangeColor"/>
                                                            <nil key="highlightedColor"/>
                                                        </label>
                                                        <label opaque="NO" multipleTouchEnabled="YES" contentMode="left" insetsLayoutMarginsFromSafeArea="NO" text="Date of Survey" textAlignment="natural" lineBreakMode="tailTruncation" baselineAdjustment="alignBaselines" adjustsFontSizeToFit="NO" id="FBv-M1-vyr">
                                                            <rect key="frame" x="20" y="48" width="83.666666666666671" height="14.333333333333334"/>
                                                            <autoresizingMask key="autoresizingMask"/>
                                                            <fontDescription key="fontDescription" type="system" pointSize="0.0"/>
                                                            <nil key="textColor"/>
                                                            <nil key="highlightedColor"/>
                                                        </label>
                                                    </subviews>
                                                </tableViewCellContentView>
                                            </tableViewCell>
                                        </cells>
                                    </tableViewSection>
                                </sections>
                            </tableView>
                        </subviews>
                        <viewLayoutGuide key="safeArea" id="BsV-kb-Nxg"/>
                        <color key="backgroundColor" white="0.0" alpha="1" colorSpace="custom" customColorSpace="genericGamma22GrayColorSpace"/>
                    </view>
                    <navigationItem key="navigationItem" title="Surveys" id="yCJ-g8-cpP"/>
                    <connections>
                        <segue destination="cXa-Sa-M26" kind="show" id="NfX-d9-Mal"/>
                    </connections>
                </viewController>
                <placeholder placeholderIdentifier="IBFirstResponder" id="dYs-dc-onr" userLabel="First Responder" customClass="UIResponder" sceneMemberID="firstResponder"/>
            </objects>
            <point key="canvasLocation" x="1965.6488549618321" y="-239.43661971830988"/>
        </scene>
        <!--Stadium Survey-->
        <scene sceneID="tne-QT-ifu">
            <objects>
                <viewController id="BYZ-38-t0r" customClass="ViewController" customModule="SportsProject" customModuleProvider="target" sceneMemberID="viewController">
                    <view key="view" contentMode="scaleToFill" id="8bC-Xf-vdC">
                        <rect key="frame" x="0.0" y="0.0" width="393" height="852"/>
                        <autoresizingMask key="autoresizingMask" widthSizable="YES" heightSizable="YES"/>
                        <subviews>
                            <textField opaque="NO" contentMode="scaleToFill" horizontalHuggingPriority="248" fixedFrame="YES" contentHorizontalAlignment="left" contentVerticalAlignment="center" text="Email" borderStyle="roundedRect" textAlignment="center" minimumFontSize="17" translatesAutoresizingMaskIntoConstraints="NO" id="s3P-pq-djK">
                                <rect key="frame" x="1" y="208" width="381" height="34"/>
                                <autoresizingMask key="autoresizingMask" flexibleMaxX="YES" flexibleMaxY="YES"/>
                                <color key="textColor" white="0.66666666669999997" alpha="1" colorSpace="custom" customColorSpace="genericGamma22GrayColorSpace"/>
                                <fontDescription key="fontDescription" type="system" pointSize="17"/>
                                <textInputTraits key="textInputTraits"/>
                            </textField>
                            <datePicker contentMode="scaleToFill" ambiguous="YES" contentHorizontalAlignment="center" contentVerticalAlignment="center" datePickerMode="date" translatesAutoresizingMaskIntoConstraints="NO" id="QDk-Ie-BsY">
                                <rect key="frame" x="8" y="292" width="369" height="253"/>
                                <color key="backgroundColor" systemColor="systemOrangeColor"/>
                                <color key="tintColor" systemColor="systemOrangeColor"/>
                            </datePicker>
                            <segmentedControl opaque="NO" contentMode="scaleToFill" ambiguous="YES" contentHorizontalAlignment="left" contentVerticalAlignment="top" segmentControlStyle="plain" selectedSegmentIndex="0" translatesAutoresizingMaskIntoConstraints="NO" id="l4d-Qy-CCt">
                                <rect key="frame" x="78" y="574" width="297" height="32"/>
                                <segments>
                                    <segment title="1"/>
                                    <segment title="2"/>
                                    <segment title="3"/>
                                    <segment title="4"/>
                                    <segment title="5"/>
                                </segments>
                            </segmentedControl>
                            <segmentedControl opaque="NO" contentMode="scaleToFill" fixedFrame="YES" contentHorizontalAlignment="left" contentVerticalAlignment="top" segmentControlStyle="plain" selectedSegmentIndex="0" translatesAutoresizingMaskIntoConstraints="NO" id="mG2-xB-Fhc">
                                <rect key="frame" x="78" y="635" width="297" height="32"/>
                                <autoresizingMask key="autoresizingMask" flexibleMaxX="YES" flexibleMaxY="YES"/>
                                <segments>
                                    <segment title="1"/>
                                    <segment title="2"/>
                                    <segment title="3"/>
                                    <segment title="4"/>
                                    <segment title="5"/>
                                </segments>
                            </segmentedControl>
                            <segmentedControl opaque="NO" contentMode="scaleToFill" fixedFrame="YES" contentHorizontalAlignment="left" contentVerticalAlignment="top" segmentControlStyle="plain" selectedSegmentIndex="0" translatesAutoresizingMaskIntoConstraints="NO" id="FMG-4Y-hhm">
                                <rect key="frame" x="80" y="699" width="297" height="32"/>
                                <autoresizingMask key="autoresizingMask" flexibleMaxX="YES" flexibleMaxY="YES"/>
                                <segments>
                                    <segment title="1"/>
                                    <segment title="2"/>
                                    <segment title="3"/>
                                    <segment title="4"/>
                                    <segment title="5"/>
                                </segments>
                            </segmentedControl>
                            <label opaque="NO" userInteractionEnabled="NO" contentMode="left" horizontalHuggingPriority="251" verticalHuggingPriority="251" fixedFrame="YES" text="Comfort" textAlignment="natural" lineBreakMode="tailTruncation" baselineAdjustment="alignBaselines" adjustsFontSizeToFit="NO" translatesAutoresizingMaskIntoConstraints="NO" id="jbw-1S-fZE">
                                <rect key="frame" x="7" y="579" width="63" height="21"/>
                                <autoresizingMask key="autoresizingMask" flexibleMaxX="YES" flexibleMaxY="YES"/>
                                <fontDescription key="fontDescription" type="system" pointSize="17"/>
                                <color key="textColor" systemColor="systemOrangeColor"/>
                                <color key="highlightedColor" systemColor="systemOrangeColor"/>
                            </label>
                            <label opaque="NO" userInteractionEnabled="NO" contentMode="left" horizontalHuggingPriority="251" verticalHuggingPriority="251" fixedFrame="YES" text="Safety" textAlignment="natural" lineBreakMode="tailTruncation" baselineAdjustment="alignBaselines" adjustsFontSizeToFit="NO" translatesAutoresizingMaskIntoConstraints="NO" id="R8N-0M-LtL">
                                <rect key="frame" x="8" y="639" width="49" height="21"/>
                                <autoresizingMask key="autoresizingMask" flexibleMaxX="YES" flexibleMaxY="YES"/>
                                <fontDescription key="fontDescription" type="system" pointSize="17"/>
                                <color key="textColor" systemColor="systemOrangeColor"/>
                                <color key="highlightedColor" systemColor="systemOrangeColor"/>
                            </label>
                            <label opaque="NO" userInteractionEnabled="NO" contentMode="left" horizontalHuggingPriority="251" verticalHuggingPriority="251" fixedFrame="YES" text="Security" textAlignment="natural" lineBreakMode="tailTruncation" baselineAdjustment="alignBaselines" adjustsFontSizeToFit="NO" translatesAutoresizingMaskIntoConstraints="NO" id="Qca-Pt-96V">
                                <rect key="frame" x="8" y="702" width="63" height="21"/>
                                <autoresizingMask key="autoresizingMask" flexibleMaxX="YES" flexibleMaxY="YES"/>
                                <fontDescription key="fontDescription" type="system" pointSize="17"/>
                                <color key="textColor" systemColor="systemOrangeColor"/>
                                <color key="highlightedColor" systemColor="systemOrangeColor"/>
                            </label>
                            <textField opaque="NO" contentMode="scaleToFill" horizontalHuggingPriority="248" ambiguous="YES" contentHorizontalAlignment="left" contentVerticalAlignment="center" text="Phone" borderStyle="roundedRect" textAlignment="center" minimumFontSize="17" translatesAutoresizingMaskIntoConstraints="NO" id="aL3-Kh-WhY">
                                <rect key="frame" x="4" y="250" width="382" height="34"/>
                                <color key="textColor" white="0.66666666669999997" alpha="1" colorSpace="custom" customColorSpace="genericGamma22GrayColorSpace"/>
                                <fontDescription key="fontDescription" type="system" pointSize="17"/>
                                <textInputTraits key="textInputTraits"/>
                            </textField>
                            <textField opaque="NO" contentMode="scaleToFill" horizontalHuggingPriority="248" contentHorizontalAlignment="left" contentVerticalAlignment="center" text="Enter Name" borderStyle="roundedRect" textAlignment="center" minimumFontSize="17" translatesAutoresizingMaskIntoConstraints="NO" id="beR-IF-b6s">
                                <rect key="frame" x="0.0" y="166" width="381" height="34"/>
                                <color key="textColor" white="0.66666666669999997" alpha="1" colorSpace="custom" customColorSpace="genericGamma22GrayColorSpace"/>
                                <fontDescription key="fontDescription" type="system" pointSize="17"/>
                                <textInputTraits key="textInputTraits"/>
                            </textField>
                            <stackView opaque="NO" contentMode="scaleToFill" fixedFrame="YES" distribution="fillEqually" alignment="top" spacing="24" translatesAutoresizingMaskIntoConstraints="NO" id="Zjn-Oq-Kjq">
                                <rect key="frame" x="1" y="759" width="378.66666666666669" height="34.333333333333371"/>
                                <subviews>
                                    <button opaque="NO" contentMode="scaleToFill" contentHorizontalAlignment="center" contentVerticalAlignment="center" buttonType="system" lineBreakMode="middleTruncation" translatesAutoresizingMaskIntoConstraints="NO" id="00g-4s-63z">
                                        <rect key="frame" x="0.0" y="0.0" width="76.666666666666671" height="34.333333333333336"/>
                                        <color key="backgroundColor" white="0.0" alpha="1" colorSpace="custom" customColorSpace="genericGamma22GrayColorSpace"/>
                                        <state key="normal" title="Button"/>
                                        <buttonConfiguration key="configuration" style="plain" title="save">
                                            <color key="baseForegroundColor" systemColor="systemOrangeColor"/>
                                        </buttonConfiguration>
                                    </button>
                                    <button opaque="NO" contentMode="scaleToFill" contentHorizontalAlignment="center" contentVerticalAlignment="center" buttonType="system" lineBreakMode="middleTruncation" translatesAutoresizingMaskIntoConstraints="NO" id="V5n-QO-VSr">
                                        <rect key="frame" x="100.66666666666666" y="0.0" width="76.666666666666657" height="34.333333333333336"/>
                                        <color key="backgroundColor" white="0.0" alpha="1" colorSpace="custom" customColorSpace="genericGamma22GrayColorSpace"/>
                                        <color key="tintColor" systemColor="systemOrangeColor"/>
                                        <state key="normal" title="Button"/>
                                        <buttonConfiguration key="configuration" style="plain" image="plus" catalog="system"/>
                                    </button>
                                    <button opaque="NO" contentMode="scaleToFill" contentHorizontalAlignment="center" contentVerticalAlignment="center" buttonType="system" lineBreakMode="middleTruncation" translatesAutoresizingMaskIntoConstraints="NO" id="w8Y-tx-fJd">
                                        <rect key="frame" x="201.33333333333334" y="0.0" width="76.666666666666657" height="34.333333333333336"/>
                                        <color key="backgroundColor" white="0.0" alpha="1" colorSpace="custom" customColorSpace="genericGamma22GrayColorSpace"/>
                                        <state key="normal" title="Button"/>
                                        <buttonConfiguration key="configuration" style="plain" title="Cancel">
                                            <color key="baseForegroundColor" red="0.8495892397" green="0.1818238261" blue="0.1614262501" alpha="1" colorSpace="custom" customColorSpace="displayP3"/>
                                        </buttonConfiguration>
                                    </button>
                                    <button opaque="NO" contentMode="scaleToFill" contentHorizontalAlignment="center" contentVerticalAlignment="center" buttonType="system" lineBreakMode="middleTruncation" translatesAutoresizingMaskIntoConstraints="NO" id="Tlk-My-nQe">
                                        <rect key="frame" x="302" y="0.0" width="76.666666666666686" height="34.333333333333336"/>
                                        <color key="backgroundColor" white="0.0" alpha="1" colorSpace="custom" customColorSpace="genericGamma22GrayColorSpace"/>
                                        <color key="tintColor" white="1" alpha="1" colorSpace="custom" customColorSpace="genericGamma22GrayColorSpace"/>
                                        <state key="normal" title="Button"/>
                                        <buttonConfiguration key="configuration" style="plain" image="book" catalog="system"/>
                                    </button>
                                </subviews>
                            </stackView>
                        </subviews>
                        <viewLayoutGuide key="safeArea" id="6Tk-OE-BBY"/>
                        <color key="backgroundColor" white="0.0" alpha="1" colorSpace="custom" customColorSpace="genericGamma22GrayColorSpace"/>
                        <constraints>
                            <constraint firstItem="QDk-Ie-BsY" firstAttribute="leading" secondItem="6Tk-OE-BBY" secondAttribute="leading" constant="8" id="HV3-vK-H1z"/>
                            <constraint firstItem="l4d-Qy-CCt" firstAttribute="top" secondItem="QDk-Ie-BsY" secondAttribute="bottom" constant="29" id="HhC-AZ-huG"/>
                            <constraint firstItem="6Tk-OE-BBY" firstAttribute="trailing" secondItem="QDk-Ie-BsY" secondAttribute="trailing" constant="16" id="Hoh-9P-UL8"/>
                            <constraint firstItem="QDk-Ie-BsY" firstAttribute="top" secondItem="aL3-Kh-WhY" secondAttribute="bottom" constant="70" id="n34-87-7B7"/>
                            <constraint firstItem="6Tk-OE-BBY" firstAttribute="trailing" secondItem="beR-IF-b6s" secondAttribute="trailing" constant="10" id="xBQ-kN-X8Q"/>
                        </constraints>
                    </view>
                    <toolbarItems/>
                    <navigationItem key="navigationItem" title="Stadium Survey" id="uEX-zN-fPF"/>
                    <simulatedToolbarMetrics key="simulatedBottomBarMetrics"/>
                    <connections>
                        <segue destination="is0-kQ-2aa" kind="show" id="Lyg-O3-gha"/>
                    </connections>
                </viewController>
                <placeholder placeholderIdentifier="IBFirstResponder" id="dkx-z0-nzr" sceneMemberID="firstResponder"/>
            </objects>
            <point key="canvasLocation" x="1112.2137404580153" y="-239.43661971830988"/>
        </scene>
        <!--Information-->
        <scene sceneID="OH8-1u-SLW">
            <objects>
                <viewController id="cXa-Sa-M26" sceneMemberID="viewController">
                    <view key="view" contentMode="scaleToFill" id="YVE-wH-iZR">
                        <rect key="frame" x="0.0" y="0.0" width="393" height="852"/>
                        <autoresizingMask key="autoresizingMask" widthSizable="YES" heightSizable="YES"/>
                        <subviews>
                            <stackView opaque="NO" contentMode="scaleToFill" axis="vertical" distribution="fillEqually" spacing="1" translatesAutoresizingMaskIntoConstraints="NO" id="ni9-RC-dat">
                                <rect key="frame" x="10" y="175" width="373" height="584"/>
                                <subviews>
                                    <stackView opaque="NO" contentMode="scaleToFill" distribution="fillEqually" spacing="1" translatesAutoresizingMaskIntoConstraints="NO" id="Bbu-V9-PWA">
                                        <rect key="frame" x="0.0" y="0.0" width="373" height="82.666666666666671"/>
                                        <subviews>
                                            <label opaque="NO" userInteractionEnabled="NO" contentMode="left" horizontalHuggingPriority="251" verticalHuggingPriority="251" text="Name" textAlignment="natural" lineBreakMode="tailTruncation" baselineAdjustment="alignBaselines" adjustsFontSizeToFit="NO" translatesAutoresizingMaskIntoConstraints="NO" id="FtW-3o-id5">
                                                <rect key="frame" x="0.0" y="0.0" width="186" height="82.666666666666671"/>
                                                <color key="backgroundColor" systemColor="systemOrangeColor"/>
                                                <fontDescription key="fontDescription" type="boldSystem" pointSize="25"/>
                                                <nil key="textColor"/>
                                                <color key="highlightedColor" red="1" green="1" blue="1" alpha="1" colorSpace="custom" customColorSpace="sRGB"/>
                                            </label>
                                            <label opaque="NO" userInteractionEnabled="NO" contentMode="left" horizontalHuggingPriority="251" verticalHuggingPriority="251" text="nameInfo" textAlignment="natural" lineBreakMode="tailTruncation" baselineAdjustment="alignBaselines" adjustsFontSizeToFit="NO" translatesAutoresizingMaskIntoConstraints="NO" id="XiF-S0-nNB">
                                                <rect key="frame" x="187" y="0.0" width="186" height="82.666666666666671"/>
                                                <color key="backgroundColor" systemColor="systemOrangeColor"/>
                                                <fontDescription key="fontDescription" type="system" pointSize="25"/>
                                                <color key="textColor" white="1" alpha="1" colorSpace="custom" customColorSpace="genericGamma22GrayColorSpace"/>
                                                <color key="highlightedColor" red="1" green="1" blue="1" alpha="1" colorSpace="custom" customColorSpace="sRGB"/>
                                            </label>
                                        </subviews>
                                    </stackView>
                                    <stackView opaque="NO" contentMode="scaleToFill" distribution="fillEqually" spacing="1" translatesAutoresizingMaskIntoConstraints="NO" id="XNW-64-6GK">
                                        <rect key="frame" x="0.0" y="83.666666666666686" width="373" height="82.333333333333314"/>
                                        <subviews>
                                            <label opaque="NO" userInteractionEnabled="NO" contentMode="left" horizontalHuggingPriority="251" verticalHuggingPriority="251" text="Email" textAlignment="natural" lineBreakMode="tailTruncation" baselineAdjustment="alignBaselines" adjustsFontSizeToFit="NO" translatesAutoresizingMaskIntoConstraints="NO" id="HnQ-z5-GGe">
                                                <rect key="frame" x="0.0" y="0.0" width="186" height="82.333333333333329"/>
                                                <color key="backgroundColor" systemColor="systemOrangeColor"/>
                                                <fontDescription key="fontDescription" type="boldSystem" pointSize="25"/>
                                                <nil key="textColor"/>
                                                <color key="highlightedColor" red="1" green="1" blue="1" alpha="1" colorSpace="custom" customColorSpace="sRGB"/>
                                            </label>
                                            <label opaque="NO" userInteractionEnabled="NO" contentMode="left" horizontalHuggingPriority="251" verticalHuggingPriority="251" text="emailInfo" textAlignment="natural" lineBreakMode="tailTruncation" baselineAdjustment="alignBaselines" adjustsFontSizeToFit="NO" translatesAutoresizingMaskIntoConstraints="NO" id="SQE-KW-1Fm">
                                                <rect key="frame" x="187" y="0.0" width="186" height="82.333333333333329"/>
                                                <color key="backgroundColor" systemColor="systemOrangeColor"/>
                                                <fontDescription key="fontDescription" type="system" pointSize="25"/>
                                                <color key="textColor" white="1" alpha="1" colorSpace="custom" customColorSpace="genericGamma22GrayColorSpace"/>
                                                <color key="highlightedColor" red="1" green="1" blue="1" alpha="1" colorSpace="custom" customColorSpace="sRGB"/>
                                            </label>
                                        </subviews>
                                    </stackView>
                                    <stackView opaque="NO" contentMode="scaleToFill" distribution="fillEqually" spacing="1" translatesAutoresizingMaskIntoConstraints="NO" id="RY0-dF-6vW">
                                        <rect key="frame" x="0.0" y="167" width="373" height="82.666666666666686"/>
                                        <subviews>
                                            <label opaque="NO" userInteractionEnabled="NO" contentMode="left" horizontalHuggingPriority="251" verticalHuggingPriority="251" text="Event" textAlignment="natural" lineBreakMode="tailTruncation" baselineAdjustment="alignBaselines" adjustsFontSizeToFit="NO" translatesAutoresizingMaskIntoConstraints="NO" id="CRF-kg-cQM">
                                                <rect key="frame" x="0.0" y="0.0" width="186" height="82.666666666666671"/>
                                                <color key="backgroundColor" systemColor="systemOrangeColor"/>
                                                <fontDescription key="fontDescription" type="boldSystem" pointSize="25"/>
                                                <nil key="textColor"/>
                                                <color key="highlightedColor" red="1" green="1" blue="1" alpha="1" colorSpace="custom" customColorSpace="sRGB"/>
                                            </label>
                                            <label opaque="NO" userInteractionEnabled="NO" contentMode="left" horizontalHuggingPriority="251" verticalHuggingPriority="251" text="ageInfo" textAlignment="natural" lineBreakMode="tailTruncation" baselineAdjustment="alignBaselines" adjustsFontSizeToFit="NO" translatesAutoresizingMaskIntoConstraints="NO" id="MTj-48-FU1">
                                                <rect key="frame" x="187" y="0.0" width="186" height="82.666666666666671"/>
                                                <color key="backgroundColor" systemColor="systemOrangeColor"/>
                                                <fontDescription key="fontDescription" type="system" pointSize="25"/>
                                                <color key="textColor" white="1" alpha="1" colorSpace="custom" customColorSpace="genericGamma22GrayColorSpace"/>
                                                <color key="highlightedColor" red="1" green="1" blue="1" alpha="1" colorSpace="custom" customColorSpace="sRGB"/>
                                            </label>
                                        </subviews>
                                    </stackView>
                                    <stackView opaque="NO" contentMode="scaleToFill" distribution="fillEqually" spacing="1" translatesAutoresizingMaskIntoConstraints="NO" id="lhl-VD-OYs">
                                        <rect key="frame" x="0.0" y="250.66666666666666" width="373" height="82.666666666666657"/>
                                        <subviews>
                                            <label opaque="NO" userInteractionEnabled="NO" contentMode="left" horizontalHuggingPriority="251" verticalHuggingPriority="251" text="Comfort" textAlignment="natural" lineBreakMode="tailTruncation" baselineAdjustment="alignBaselines" adjustsFontSizeToFit="NO" translatesAutoresizingMaskIntoConstraints="NO" id="leZ-mO-Wqn">
                                                <rect key="frame" x="0.0" y="0.0" width="186" height="82.666666666666671"/>
                                                <color key="backgroundColor" systemColor="systemOrangeColor"/>
                                                <fontDescription key="fontDescription" type="boldSystem" pointSize="25"/>
                                                <nil key="textColor"/>
                                                <color key="highlightedColor" red="1" green="1" blue="1" alpha="1" colorSpace="custom" customColorSpace="sRGB"/>
                                            </label>
                                            <label opaque="NO" userInteractionEnabled="NO" contentMode="left" horizontalHuggingPriority="251" verticalHuggingPriority="251" text="comfortInfo" textAlignment="natural" lineBreakMode="tailTruncation" baselineAdjustment="alignBaselines" adjustsFontSizeToFit="NO" translatesAutoresizingMaskIntoConstraints="NO" id="9rs-Ns-t66">
                                                <rect key="frame" x="187" y="0.0" width="186" height="82.666666666666671"/>
                                                <color key="backgroundColor" systemColor="systemOrangeColor"/>
                                                <fontDescription key="fontDescription" type="system" pointSize="25"/>
                                                <color key="textColor" white="1" alpha="1" colorSpace="custom" customColorSpace="genericGamma22GrayColorSpace"/>
                                                <color key="highlightedColor" red="1" green="1" blue="1" alpha="1" colorSpace="custom" customColorSpace="sRGB"/>
                                            </label>
                                        </subviews>
                                    </stackView>
                                    <stackView opaque="NO" contentMode="scaleToFill" distribution="fillEqually" spacing="1" translatesAutoresizingMaskIntoConstraints="NO" id="Zrj-eR-pb1">
                                        <rect key="frame" x="0.0" y="334.33333333333331" width="373" height="82.666666666666686"/>
                                        <subviews>
                                            <label opaque="NO" userInteractionEnabled="NO" contentMode="left" horizontalHuggingPriority="251" verticalHuggingPriority="251" text="Safety" textAlignment="natural" lineBreakMode="tailTruncation" baselineAdjustment="alignBaselines" adjustsFontSizeToFit="NO" translatesAutoresizingMaskIntoConstraints="NO" id="0yg-PJ-mVm">
                                                <rect key="frame" x="0.0" y="0.0" width="186" height="82.666666666666671"/>
                                                <color key="backgroundColor" systemColor="systemOrangeColor"/>
                                                <fontDescription key="fontDescription" type="boldSystem" pointSize="25"/>
                                                <nil key="textColor"/>
                                                <color key="highlightedColor" red="1" green="1" blue="1" alpha="1" colorSpace="custom" customColorSpace="sRGB"/>
                                            </label>
                                            <label opaque="NO" userInteractionEnabled="NO" contentMode="left" horizontalHuggingPriority="251" verticalHuggingPriority="251" text="safetyInfo" textAlignment="natural" lineBreakMode="tailTruncation" baselineAdjustment="alignBaselines" adjustsFontSizeToFit="NO" translatesAutoresizingMaskIntoConstraints="NO" id="1UF-Vr-hYp">
                                                <rect key="frame" x="187" y="0.0" width="186" height="82.666666666666671"/>
                                                <color key="backgroundColor" systemColor="systemOrangeColor"/>
                                                <fontDescription key="fontDescription" type="system" pointSize="25"/>
                                                <color key="textColor" white="1" alpha="1" colorSpace="custom" customColorSpace="genericGamma22GrayColorSpace"/>
                                                <color key="highlightedColor" red="1" green="1" blue="1" alpha="1" colorSpace="custom" customColorSpace="sRGB"/>
                                            </label>
                                        </subviews>
                                    </stackView>
                                    <stackView opaque="NO" contentMode="scaleToFill" distribution="fillEqually" spacing="1" translatesAutoresizingMaskIntoConstraints="NO" id="sqz-7a-Py0">
                                        <rect key="frame" x="0.0" y="418" width="373" height="82.333333333333314"/>
                                        <subviews>
                                            <label opaque="NO" userInteractionEnabled="NO" contentMode="left" horizontalHuggingPriority="251" verticalHuggingPriority="251" text="Security" textAlignment="natural" lineBreakMode="tailTruncation" baselineAdjustment="alignBaselines" adjustsFontSizeToFit="NO" translatesAutoresizingMaskIntoConstraints="NO" id="z5l-nj-jcy">
                                                <rect key="frame" x="0.0" y="0.0" width="186" height="82.333333333333329"/>
                                                <color key="backgroundColor" systemColor="systemOrangeColor"/>
                                                <fontDescription key="fontDescription" type="boldSystem" pointSize="25"/>
                                                <nil key="textColor"/>
                                                <color key="highlightedColor" red="1" green="1" blue="1" alpha="1" colorSpace="custom" customColorSpace="sRGB"/>
                                            </label>
                                            <label opaque="NO" userInteractionEnabled="NO" contentMode="left" horizontalHuggingPriority="251" verticalHuggingPriority="251" text="securityInfo" textAlignment="natural" lineBreakMode="tailTruncation" baselineAdjustment="alignBaselines" adjustsFontSizeToFit="NO" translatesAutoresizingMaskIntoConstraints="NO" id="aMg-a6-Pmk">
                                                <rect key="frame" x="187" y="0.0" width="186" height="82.333333333333329"/>
                                                <color key="backgroundColor" systemColor="systemOrangeColor"/>
                                                <fontDescription key="fontDescription" type="system" pointSize="25"/>
                                                <color key="textColor" white="1" alpha="1" colorSpace="custom" customColorSpace="genericGamma22GrayColorSpace"/>
                                                <color key="highlightedColor" red="1" green="1" blue="1" alpha="1" colorSpace="custom" customColorSpace="sRGB"/>
                                            </label>
                                        </subviews>
                                    </stackView>
                                    <stackView opaque="NO" contentMode="scaleToFill" distribution="fillEqually" spacing="1" translatesAutoresizingMaskIntoConstraints="NO" id="fqI-Sl-J5F">
                                        <rect key="frame" x="0.0" y="501.33333333333343" width="373" height="82.666666666666686"/>
                                        <subviews>
                                            <label opaque="NO" userInteractionEnabled="NO" contentMode="left" horizontalHuggingPriority="251" verticalHuggingPriority="251" text="Date" textAlignment="natural" lineBreakMode="tailTruncation" baselineAdjustment="alignBaselines" adjustsFontSizeToFit="NO" translatesAutoresizingMaskIntoConstraints="NO" id="HuH-Oq-JiL">
                                                <rect key="frame" x="0.0" y="0.0" width="186" height="82.666666666666671"/>
                                                <color key="backgroundColor" systemColor="systemOrangeColor"/>
                                                <fontDescription key="fontDescription" type="boldSystem" pointSize="25"/>
                                                <nil key="textColor"/>
                                                <color key="highlightedColor" red="1" green="1" blue="1" alpha="1" colorSpace="custom" customColorSpace="sRGB"/>
                                            </label>
                                            <label opaque="NO" userInteractionEnabled="NO" contentMode="left" horizontalHuggingPriority="251" verticalHuggingPriority="251" text="dateInfo" textAlignment="natural" lineBreakMode="tailTruncation" baselineAdjustment="alignBaselines" adjustsFontSizeToFit="NO" translatesAutoresizingMaskIntoConstraints="NO" id="9xB-oz-2ih">
                                                <rect key="frame" x="187" y="0.0" width="186" height="82.666666666666671"/>
                                                <color key="backgroundColor" systemColor="systemOrangeColor"/>
                                                <fontDescription key="fontDescription" type="system" pointSize="25"/>
                                                <color key="textColor" white="1" alpha="1" colorSpace="custom" customColorSpace="genericGamma22GrayColorSpace"/>
                                                <color key="highlightedColor" red="1" green="1" blue="1" alpha="1" colorSpace="custom" customColorSpace="sRGB"/>
                                            </label>
                                        </subviews>
                                    </stackView>
                                </subviews>
                            </stackView>
                        </subviews>
                        <viewLayoutGuide key="safeArea" id="8j3-cC-gbC"/>
                        <color key="backgroundColor" white="0.0" alpha="1" colorSpace="custom" customColorSpace="genericGamma22GrayColorSpace"/>
                        <constraints>
                            <constraint firstItem="ni9-RC-dat" firstAttribute="top" secondItem="8j3-cC-gbC" secondAttribute="top" constant="20" id="3e9-2Y-PaE"/>
                            <constraint firstItem="8j3-cC-gbC" firstAttribute="bottom" secondItem="ni9-RC-dat" secondAttribute="bottom" constant="10" id="9xR-m5-LW0"/>
                            <constraint firstItem="ni9-RC-dat" firstAttribute="top" secondItem="8j3-cC-gbC" secondAttribute="top" constant="100" id="Adr-kH-uaX"/>
                            <constraint firstItem="ni9-RC-dat" firstAttribute="top" secondItem="8j3-cC-gbC" secondAttribute="top" constant="40" id="ImB-a0-HhO"/>
                            <constraint firstItem="ni9-RC-dat" firstAttribute="top" secondItem="8j3-cC-gbC" secondAttribute="top" constant="30" id="Lml-Kt-DVH"/>
                            <constraint firstItem="ni9-RC-dat" firstAttribute="top" secondItem="8j3-cC-gbC" secondAttribute="top" constant="20" id="Mnj-et-0bF"/>
                            <constraint firstItem="ni9-RC-dat" firstAttribute="top" secondItem="8j3-cC-gbC" secondAttribute="top" constant="20" id="SWA-66-ZXT"/>
                            <constraint firstItem="ni9-RC-dat" firstAttribute="leading" secondItem="8j3-cC-gbC" secondAttribute="leading" constant="10" id="Wu9-Jc-aKl"/>
                            <constraint firstItem="ni9-RC-dat" firstAttribute="top" secondItem="8j3-cC-gbC" secondAttribute="top" constant="30" id="Yic-VS-bXU"/>
                            <constraint firstItem="ni9-RC-dat" firstAttribute="top" secondItem="8j3-cC-gbC" secondAttribute="top" constant="70" id="YlS-9z-gOF"/>
                            <constraint firstItem="ni9-RC-dat" firstAttribute="top" secondItem="8j3-cC-gbC" secondAttribute="top" constant="40" id="cei-VZ-d4b"/>
                            <constraint firstItem="8j3-cC-gbC" firstAttribute="trailing" secondItem="ni9-RC-dat" secondAttribute="trailing" constant="10" id="hIP-c1-xJO"/>
                            <constraint firstItem="ni9-RC-dat" firstAttribute="top" secondItem="8j3-cC-gbC" secondAttribute="top" constant="20" id="jZ3-rL-CSe"/>
                            <constraint firstItem="ni9-RC-dat" firstAttribute="top" secondItem="8j3-cC-gbC" secondAttribute="top" constant="60" id="jkg-ll-lzZ"/>
                            <constraint firstItem="ni9-RC-dat" firstAttribute="top" secondItem="8j3-cC-gbC" secondAttribute="top" constant="20" id="qC2-UG-0ib"/>
                        </constraints>
                    </view>
                    <navigationItem key="navigationItem" title="Information" id="mhN-uu-mMb"/>
                </viewController>
                <placeholder placeholderIdentifier="IBFirstResponder" id="3Fa-1z-anY" userLabel="First Responder" customClass="UIResponder" sceneMemberID="firstResponder"/>
            </objects>
            <point key="canvasLocation" x="2772" y="-239"/>
        </scene>
        <!--Navigation Controller-->
        <scene sceneID="JyG-x1-a5R">
            <objects>
                <navigationController automaticallyAdjustsScrollViewInsets="NO" id="UYe-4V-S9M" sceneMemberID="viewController">
                    <toolbarItems/>
                    <navigationBar key="navigationBar" contentMode="scaleToFill" largeTitles="YES" id="n9d-Zx-GXZ">
                        <rect key="frame" x="0.0" y="59" width="393" height="96"/>
                        <autoresizingMask key="autoresizingMask"/>
                        <textAttributes key="largeTitleTextAttributes">
                            <color key="textColor" systemColor="systemOrangeColor"/>
                        </textAttributes>
                    </navigationBar>
                    <nil name="viewControllers"/>
                    <connections>
                        <segue destination="BYZ-38-t0r" kind="relationship" relationship="rootViewController" id="0EZ-bM-d5K"/>
                    </connections>
                </navigationController>
                <placeholder placeholderIdentifier="IBFirstResponder" id="NWb-oF-eGr" userLabel="First Responder" customClass="UIResponder" sceneMemberID="firstResponder"/>
            </objects>
            <point key="canvasLocation" x="185.49618320610685" y="-239.43661971830988"/>
        </scene>
    </scenes>
    <resources>
        <image name="book" catalog="system" width="128" height="99"/>
        <image name="plus" catalog="system" width="128" height="113"/>
        <systemColor name="systemBackgroundColor">
            <color white="1" alpha="1" colorSpace="custom" customColorSpace="genericGamma22GrayColorSpace"/>
        </systemColor>
        <systemColor name="systemOrangeColor">
            <color red="1" green="0.58431372549019611" blue="0.0" alpha="1" colorSpace="custom" customColorSpace="sRGB"/>
        </systemColor>
    </resources>
</document>
